american_football.football_coach
american_football.football_conference
american_football.football_division
american_football.football_game
american_football.football_game_score
american_football.football_historical_coach_position
american_football.football_player
american_football.football_team
american_football.forty_yard_dash_time
american_football.game_passing_statistics
american_football.game_receiving_statistics
american_football.game_rushing_statistics
american_football.nfl_game
american_football.player_game_statistics
american_football.player_passing_statistics
american_football.player_receiving_statistics
american_football.player_rushing_statistics
amusement_parks.accident
amusement_parks.amusement_park_area
amusement_parks.disney_ride
amusement_parks.park
amusement_parks.ride
amusement_parks.ride_designer
amusement_parks.ride_manufacturer
amusement_parks.ride_theme
amusement_parks.ride_type
amusement_parks.roller_coaster
amusement_parks.roller_coaster_material
amusement_parks.roller_coaster_propulsion_system
amusement_parks.roller_coaster_train_configuration
architecture.architect
architecture.architectural_contractor
architecture.architectural_style
architecture.architecture_firm
architecture.architecture_firm_partners
architecture.building
architecture.building_complex
architecture.building_complex_function
architecture.building_function
architecture.engineer
architecture.engineering_firm
architecture.landscape_architect
architecture.landscape_project
architecture.light_attributes
architecture.light_color_range
architecture.light_sequence
architecture.lighthouse
architecture.lighthouse_construction_material
architecture.museum
architecture.museum_director
architecture.occupancy
architecture.ownership
architecture.skyscraper
architecture.structure
architecture.tower_shape
architecture.type_of_museum
architecture.venue
astronomy.apparent_dimension
astronomy.apparent_mass
astronomy.asterism
astronomy.asteroid
astronomy.asteroid_family
astronomy.asteroid_group
astronomy.asteroid_spectral_type
astronomy.astronomer
astronomy.astronomical_discovery
astronomy.astronomical_discovery_status
astronomy.astronomical_discovery_technique
astronomy.astronomical_observatory
astronomy.astronomical_survey_project_organization
astronomy.celestial_object
astronomy.celestial_object_age
astronomy.celestial_object_category
astronomy.comet
astronomy.comet_group
astronomy.constellation
astronomy.constellation_bordering_relationship
astronomy.extraterrestrial_location
astronomy.galactic_cluster
astronomy.galactic_group
astronomy.galactic_interaction
astronomy.galactic_interaction_type
astronomy.galactic_shape
astronomy.galaxy
astronomy.galaxy_classification_code
astronomy.meteor_shower
astronomy.meteor_shower_occurrence
astronomy.meteoric_composition
astronomy.meteorite
astronomy.moon
astronomy.near_earth_object_classification
astronomy.number_of_stars
astronomy.orbit_type
astronomy.orbital_relationship
astronomy.planet
astronomy.planetographic_coordinate
astronomy.planetographic_coordinate_system
astronomy.plutoid
astronomy.satellite_galaxy
astronomy.spectral_type
astronomy.star
astronomy.star_system
astronomy.star_system_body
astronomy.telescope
astronomy.telescope_platform
astronomy.telescope_principle_type
astronomy.telescope_type
astronomy.trans_neptunian_object
astronomy.type_of_planetographic_feature
atom.feed
atom.feed_item
atom.feed_link
automotive.automotive_class
automotive.body_style
automotive.company
automotive.designer
automotive.engine
automotive.engine_type
automotive.exterior_color
automotive.fuel
automotive.fuel_delivery_method
automotive.generation
automotive.make
automotive.manufacturing_plant
automotive.manufacturing_plant_model_relationship
automotive.model
automotive.model_year
automotive.platform
automotive.privately_owned_vehicle
automotive.similar_automobile_models
automotive.transmission
automotive.trim_level
automotive.upholstery
automotive.warranty
aviation.accident_type
aviation.aircraft
aviation.aircraft_designer
aviation.aircraft_engine_type
aviation.aircraft_line
aviation.aircraft_manufacturer
aviation.aircraft_model
aviation.aircraft_owner
aviation.aircraft_ownership_count
aviation.aircraft_status
aviation.aircraft_type
aviation.airline
aviation.airline_airport_presence
aviation.airline_alliance
aviation.airliner_accident
aviation.airport
aviation.airport_operator
aviation.airport_runway
aviation.airport_terminal
aviation.airport_type
aviation.aviation_incident_aircraft_relationship
aviation.cargo_by_year
aviation.comparable_aircraft_relationship
aviation.iata_airline_designator
aviation.icao_airline_designator
award.award_category
award.award_honor
award.award_nomination
award.category_ceremony_relationship
award.hall_of_fame_induction
award.ranking
base.aareas.administrative_area_level
base.aareas.schema.administrative_area_type
base.abcbirds.conservation_project
base.academyawards.host_of_oscar_show
base.academyawards.oscar_award_show
base.academyawards.oscar_winner_who_refused_award
base.accounts.account
base.accounts.bu
base.accounts.dep
base.aceattorney.ace_attorney_game
base.adoption.adoption
base.advertisingcharacters.advertising_character
base.airlinetravel.airline_flight
base.airtrafficcontrol.air_traffic_dialogue
base.americancivilwar.military_unit
base.americancivilwar.ship_allegiance
base.americancomedy.movie
base.americancomedy.tv_show
base.ancientegypt.pyramid
base.ancientegypt.tomb
base.anglican.archdiocese
base.anglican.church
base.animalfarm.dinosaur
base.animalmassdeaths.massdeaths
base.animalpathology.animal_disease
base.animals.animal_drug
base.animemanga.manga_title
base.aptamer.linear_polymer
base.aptamer.predicted_secondary_structure
base.aptamer.selex_conditions
base.architecture2.architectural_structure_ownership
base.architecture2.architectural_structure_use_period
base.architecture2.building_tenancy
base.architecture2.proposed_structure
base.architecture2.structure2
base.architecture2.structure_damaging_event
base.argumentmaps.event_of_disputed_occurance
base.armoryshow1913.exhibited_artwork
base.arthist.iconclass
base.articleindices.index_item
base.articleindices.resource_topic_index
base.articleindices.tag
base.artist_domain.ua_artwork
base.artmetadata.art_form
base.astronomydominy.binary_star_system
base.astronomydominy.hypervelocity_stars
base.astronomydominy.x_ray_binary_system
base.athletics.athletics_championships_competition
base.athletics.athletics_championships_competition_athlete_relationship
base.athletics.athletics_competition_athlete_relationship
base.athletics.current_area_record
base.athletics.current_series_record
base.athletics.personal_best
base.aubreymaturin.book
base.aubreymaturin.character
base.aubreymaturin.character_mention
base.aubreymaturin.dish
base.aubreymaturin.dish_mention
base.aubreymaturin.historical_event_mention
base.aubreymaturin.real_person
base.aubreymaturin.species
base.aubreymaturin.written_work
base.baconpatiobeer.restaurant_features
base.ballet.ballet
base.banking.central_bank
base.baseinacase.user
base.beefbase.meat_product
base.beerbase.beer2
base.berlinrestaurants.restaurant
base.bibkn.author
base.bibkn.thesis
base.bigsky.site
base.bikespeed.adventure
base.bintro.bintro_topic
base.bio2rdf.bm
base.bio2rdf.dataset
base.bioventurist.area_of_expertise
base.bioventurist.bv_investment_round
base.bioventurist.bv_venture_investor
base.birdinfo.alpha_code
base.birdinfo.parasitism
base.birdinfo.population_rate
base.birdinfo.predation
base.birdinfo.sampling_design
base.birdinfo.spatial_context
base.birdwatching.checklist
base.blogdeguerrilha.criado_em
base.bluetooth.bluetooth_chipset
base.blurbhighlights.highlight
base.bookpf.book
base.bookstores.bookstore
base.braziliangovt.politician
base.brewpubs.brew_pub
base.brickbase.topic
base.bsocbase.cancer_subtype
base.business_report.authoritative_financial_reference
base.business_report.financial_report
base.business_report.sec_form_type
base.canadianlaw.case
base.cars_refactor.generation
base.cars_refactor.msrp
base.catalog.music_catalog
base.cdnpolitics.leadership_convention
base.cdnpolitics.lobbying_session
base.cerealgrains.cereal_grain
base.cgcollection.computer_game_network
base.cgcollection.computer_game_platform_model
base.cgcollection.computer_game_release
base.charities.charity
base.christmas.christmas_carol
base.classificationsearch.classification_system
base.classificationsearch.knowledge_organization_system
base.coinsdaily.design
base.collections.collection
base.coloniesandempire.colony
base.column.column_frequency_duration
base.commonsprototypes.fictional_object_class
base.concepts.concept
base.congressionalsession.topic
base.conservationaction.ornithology
base.contractbridge.bridge_tournament_location
base.convictsydney.building
base.convictsydney.resident
base.cookingsupplyandequipment.cooking_material_supplier
base.crime.criminal_defendant
base.crmbase.crm_web_application
base.crmbase.crm_windows_application
base.crmbase.developer
base.culturalevent.event
base.culturalevent.person
base.curricula.educational_level
base.curricula.learning_trajectory
base.cyclocross.bicycle_component
base.cyclocross.bicycle_model
base.dance.dance_company
base.danceporn.video
base.dancingwiththestars.dwts_appearance
base.dati_trentino_it.certified_product
base.daylifeservices.controlled_topic_set
base.dictionaryofoccupationaltitles.occupation
base.digitalcameras.digital_camera
base.digitalcameras.slr_lens
base.digitalformatpolicies.file_format_policy
base.disaster2.automobile_accident
base.disaster2.death_causing_event
base.disaster2.flood
base.disaster2.injury
base.disaster2.rail_accident
base.disaster2.state_of_emergency_declaration
base.documentaryeditions.documentary_edition
base.domesticanimalbreeders.domestic_animal_breeder
base.duketip.system
base.edgarpoe.poes_family
base.educationextended.residential_hall
base.endorsements.newspaper_endorsement
base.endorsements.personal_endorsement
base.engineering.aqueduct
base.engineering.canal
base.engineering.dam
base.engineering.engineering_person
base.engineering.harbour
base.engineering.reclaimed_land
base.engineering1.rfid_book
base.engineering1.rfid_company
base.esolangs.language
base.esports.e_sports_team
base.euromaidan.news_agency
base.events.festival_series
base.events.geographical_scope
base.exoplanetology.exoplanet
base.exoplanetology.planetary_classification
base.famouspets.pet
base.ffsquare.final_fantasy_character_class
base.fictionaluniverse.deceased_fictional_character
base.fictionaluniverse.fictional_spacecraft
base.fictionaluniverse.fictional_spacecraft_class
base.fictionaluniverse.fictional_spaceship_crewman_posting
base.fictionaluniverse.fictional_spaceship_lineage
base.fight.sports_official
base.fight.sports_official_tenure
base.filesharing.movie_release
base.financialmeltdown.rogue_traders
base.flightoftheconchords.tv_program_location_name
base.foodiefieldguide.street_food
base.foodily.recipe_ingredient
base.formula1.formula_1_grand_prix
base.fragrances.fragrances
base.gadgets.gadget
base.gambling.lottery
base.gamecollection.console
base.gamecollection.game
base.gamers.gamer
base.gamers.online_gaming_network
base.gender.transgender_person
base.geolocation.geotagged_image
base.ghtech.gh_focus_areas
base.givennames.given_name
base.gleebase.song_performance
base.gliding.glider
base.gliding.glider_aircraft
base.goodrelations.hproduct
base.government2.elected_government_positions_held
base.government2.legislative_position_held
base.gratefuldead.iconic_grateful_dead_art
base.grecoromanmythology.greek_deity
base.gymnast.college_gymnast
base.gymnast.elite_gymnast
base.handball.handball_match
base.harrypotter.hogwarts_house
base.holidays_in_kenya.public_holidays
base.horseracing.recurring_horse_race
base.hospitalinformationsystem1.examination
base.hybrids.hybrid_animal
base.hybrids.hybrid_sport
base.iceandfire.noble_house
base.iceandfire.notable_object
base.iceandfire.person
base.iceandfire.westeros_region
base.inference.fact
base.infrastructure.animal_slaughtering_and_processing_facility
base.infrastructure.lock
base.internetmemes.internet_meme
base.ireferdex.internet_marketing_websites
base.irmusictypes.track_type
base.italiantv.foreign_language_adaptation
base.jamesbond007.bond_girl
base.jewishcommunities.synagogue_use
base.laboratory_consumables.microfuge_tube
base.landcover.classification_system
base.landcover.ecoregion
base.lawsandbox.legal_system
base.lightweight.beer_hop
base.lightweight.beer_hop_origin
base.lightweight.beer_style
base.lightweight.profession
base.lightweight.regional_dated_float
base.lightweight.regional_dated_integer
base.lightweight.regional_dated_money_value
base.lists.list_entry
base.livemusic.concert_venue
base.localfood.farmers_market
base.lontarlibrary.lontar_collection
base.mapcentral.fgdc_altitude_system
base.mapcentral.fgdc_identification
base.mapcentral.fgdc_planar_encoding_and_units
base.mapcentral.projected_coordinate_system
base.mapcentral.reference_ellipsoid
base.mapcentral.reference_ellipsoid_type
base.marchmadness.ncaa_basketball_tournament
base.math1.mathematics
base.meals.meal_dish
base.mediabase.meedan_source
base.mediaextended.media_franchise
base.medical_schema_staging.healthcare_provider
base.medical_schema_staging.medical_procedure
base.menubase.menu
base.menubase.menu_item
base.metalfoundries.metal_foundry
base.microbialgenebase.gene_group_membership_evidence
base.microdata.itemprop
base.microdata2.microdata_type
base.militaryinfiction.event_in_fiction
base.militaryinfiction.force_strength_in_fiction
base.militaryinfiction.location_in_fiction
base.militaryinfiction.military_casulaties_in_fiction
base.militaryinfiction.military_character_service
base.militaryinfiction.military_combatant_group_in_fiction
base.militaryinfiction.military_combatant_group_tenure_in_fiction
base.militaryinfiction.military_command_in_fiction
base.minerals.scientific_category
base.morelaw.canadian_judge
base.morelaw.court
base.morelaw.legal_system
base.morelaw.taxation_system
base.morelaw.type_of_legal_subject
base.motorcycle.bore_x_stroke
base.motorcycle.fuel_capacity
base.motorcycle.gear_ratio
base.motorcycle.motorcycle_body_style
base.motorcycle.motorcycle_dealer
base.motorcycle.motorcycle_owner
base.motorcycle.oil_capacity
base.motorcycle.vehicle_length
base.motorcycle.vehicle_weight
base.motorsports.circuit_layout
base.motorsports.race_car
base.mqlexamples.testobject
base.mullardspacesciencelaboratoryprojects.titled_thing
base.musicfestival.artist_festival_relationship
base.musicfestival.music_festival_event
base.musicfestival.recurring_music_festival
base.mwfreeciv.player
base.mystery.cryptozoologist
base.mystery.vall_e_type_of_alien_encounter
base.nascar.nascar_driver
base.naturalist.organism_observation
base.nightclubs.nightclub
base.nightclubs.regular_nightclub_night
base.observances.observance
base.observances.recurring_observance
base.oclbase.stream
base.oldfbwiki.commons_nomination
base.oldfbwiki.nominated_type
base.ontologies.ontology_attribute_mapping
base.ovguide.spanish_cuisine_dishes
base.patienthealthrecord.profile
base.peleton.national_championship_jersey_holder
base.peleton.road_race_stage
base.philbsuniverse.musical_track_detailed_view
base.philbsuniverse.musician_s_conductor_s_and_arrangement_s
base.phobias.phobia
base.piers.pier
base.pirates.pirate
base.plopquiz.plopquiz
base.politeuri.sparql_technology
base.politicalconventions.political_convention
base.presidentialpets.first_family
base.prison.prison
base.profiles.social_media_uri
base.proposedprojects.proposed_project
base.qualia.disability
base.quepasariachuelo.historia
base.radiostations.radio_station_format
base.rally.rally
base.rdafrbr1.werk
base.recordingstudios.studio_album
base.recordingstudios.studio_musician
base.references.manuscript
base.references.reference
base.refugee.displaced_persons_camp
base.refugee.refugee_encampment_period
base.religious_phenomena.reincarnation
base.represent.agent_celebrity_representation
base.researchlocations.research_topic
base.researchproject.research_project
base.retail.retail_inventory_line
base.retail.retailer
base.rewards.movies
base.rivalries.rivalry
base.roguelike.roguelike_game
base.rollerderby.bout
base.rollerderby.league
base.roses.roses
base.sailors.ship_crew_tenure
base.sailors.ship_passenger_journey
base.sails.sailing_handicap_system
base.sails.sailing_ship
base.saints.feast_day
base.saints.saint
base.sameas.consuming_api
base.sanfranciscoscene.san_francisco_dj
base.sanfranciscoscene.san_francisco_dj_collective
base.sanfranciscoscene.san_francisco_scene_event
base.satelites.measured_radiation_band
base.satelites.satellite_image_product
base.saveaussiemusic.street_press_index
base.schemapatterns.peer_schema_pattern
base.schemapatterns.phylogeny_schema_pattern
base.schemastaging.app_variant
base.schemastaging.application_version
base.schemastaging.athlete_salary
base.schemastaging.baseball_player_extra
base.schemastaging.chain
base.schemastaging.holiday_fixed_date_observance_rule
base.schemastaging.holiday_observance_rule
base.schemastaging.holiday_same_day_same_week_observance_rule
base.schemastaging.lifetime_pitching_statistics
base.schemastaging.monthly_climate
base.schemastaging.nonprofit_funding
base.schemastaging.person_ethnicity_extra
base.schemastaging.phone_sandbox
base.schemastaging.recording_cluster
base.schemastaging.religion_statistics
base.schemastaging.tv_episode_dubbing_performance
base.scubadiving.marine_creature
base.scubadiving.scuba_tank
base.services.airport_shuttle_service
base.services.architect
base.services.art_gallery
base.services.art_supplies
base.services.automotive_service
base.services.car_dealership
base.services.car_rental
base.services.catering_service
base.services.computer_repair
base.services.doctor
base.services.employment_agency
base.services.engineering_service
base.services.government_office_location
base.services.hotel_additions
base.services.lingerie_shop
base.services.martial_arts_studio
base.services.music_school
base.services.person
base.services.place_of_worship
base.services.recorded_music_retailer
base.services.restaurant_additions
base.services.retail_location
base.services.school_administrative_office
base.services.software_development
base.services.sports_facility
base.services.tutoring_service
base.services.winery
base.services.yarn_shop
base.shortstoryreadings.reading
base.siswimsuitmodels.si_swimsuit_appearance
base.slamdunk.player
base.sliderules.patented_item
base.smokers.smoker
base.socialdance.dance_style
base.socialmediaresource.website
base.soundalike.spoken_word
base.speculativefictionpodcasts.episode
base.summarystatistics.frequency_bandwidth
base.summarystatistics.length_of_time
base.summarystatistics.length_statistic
base.summarystatistics.production_period
base.summarystatistics.user_defined_length
base.summarystatistics.user_defined_length_range
base.summarystatistics.user_defined_speed
base.supertopics.supertopic
base.svocab.category
base.tableau.ce_que_je_veux
base.tabletennis.athlete
base.tagit.type_list
base.tatort.tatort_team_membership
base.technologyofdoing.fieldconcern
base.technologyofdoing.knowledge_worker_practice
base.technologyofdoing.mission_statement
base.testcards.test_card
base.testmatchspecial.test_match_special_commentary_relationship
base.textiles.textile
base.themuppetshow.muppet_show_guest_star
base.themuppetshow.muppet_show_guest_stars
base.theosbornboysaregrowing.trip
base.todolists.freebase_task
base.transactions.payment
base.tvfotc.tv_episode_location
base.tvmusic.tv_episode_music
base.uaartist.member_artist
base.umltools.code_generation
base.umltools.round_trip_engineering
base.umltools.uml_tool
base.underwater.sunken_city
base.underwater.underwater_thing
base.urbanlegends.urban_legend
base.usgsbase.science_project
base.usnationalparks.us_national_park
base.usnris.nris_listing
base.uxtrans.translation
base.uxtrans.user_experience_design
base.vanhomeless.government_agreements
base.vanhomeless.government_program
base.vcbase.tvc
base.vgames.video_game_release
base.videogamemusic.ist_occurrence
base.videogamemusic.ost_occurrence
base.videogamemusic.theme
base.virology.biological_sample
base.virtualheliosphericobservatory.instrument
base.wastrology.zodiacsign
base.web_design.web_design_company
base.webvideo.internet_video
base.webvideo.internet_video_series
base.whamoworld.movies_featuring_wham_o_products
base.whamoworld.wham_o_toys
base.whedonverse.actor
base.whoami.question
base.wikipedia_infobox.cocktail
base.wikipedia_infobox.video_game
base.windenergy.wind_turbine_power_rating
base.wineawards.wine_review
base.words.grammatical_case
base.words.grammatical_number
base.worldwonders.ancient_wonder
base.worldwonders.wonder_of_the_medieval_world
base.wrestling.solo_wrestler_or_team
base.writing.diacritic
base.writing.digraph
base.writing.grapheme
base.writing.idiom
base.writing.phoneme_usage
base.x2010fifaworldcupsouthafrica.current_world_cup_squad
base.x2010fifaworldcupsouthafrica.fifa_world_cup
base.x2010fifaworldcupsouthafrica.host_cities
base.xfreebase128281394023696.x
base.yalebase.architect
base.yalebase.building
base.yalebase.fictional_character
base.yalebase.person
base.zxspectrum.zx_spectrum_i_o_port_functionality
baseball.baseball_league
baseball.baseball_player
baseball.baseball_team_stats
baseball.lifetime_batting_statistics
basketball.basketball_coach
basketball.basketball_conference
basketball.basketball_division
basketball.basketball_player
basketball.basketball_player_stats
basketball.basketball_team
basketball.basketball_team_stats
bicycles.bicycle_manufacturer
bicycles.bicycle_model
bicycles.bicycle_type
biology.animal
biology.animal_breed
biology.animal_owner
biology.animal_ownership
biology.breed_coloring
biology.breed_group
biology.breed_origin
biology.breed_registration
biology.breed_registry
biology.breed_temperament
biology.chromosome
biology.cytogenetic_band
biology.deceased_organism
biology.domesticated_animal
biology.fossil_site
biology.fossil_specimen
biology.gene
biology.gene_group
biology.gene_ontology_data_source
biology.gene_ontology_group
biology.gene_ontology_group_type
biology.genome
biology.genome_build
biology.genome_curator
biology.genomic_locus
biology.hybrid
biology.hybrid_parent_classification
biology.hybrid_parent_gender
biology.hybrid_parentage
biology.informal_biological_grouping
biology.organism
biology.organism_classification
biology.organism_classification_placement
biology.organism_classification_rank
biology.owned_animal
biology.pedigreed_animal
biology.taxon_with_sequenced_genome
boats.engine
boats.hull_material
boats.means_of_propulsion
boats.nuclear_powerplant
boats.ship
boats.ship_builder
boats.ship_class
boats.ship_designer
boats.ship_ownership
boats.ship_powerplant_system
boats.ship_type
boats.warship_armament
book.audio_book_reader
book.author
book.book
book.book_binding
book.book_character
book.book_edition
book.book_edition_series
book.book_subject
book.cited_work
book.contents
book.editor_title
book.editorial_tenure
book.illustrator
book.interview
book.interviewee
book.interviewer
book.isbn
book.journal
book.journal_article
book.literary_series
book.magazine
book.magazine_genre
book.magazine_issue
book.newspaper
book.newspaper_circulation
book.newspaper_issue
book.newspaper_owner
book.newspaper_price
book.pagination
book.periodical
book.periodical_editor
book.periodical_format_period
book.periodical_frequency
book.periodical_publication_date
book.periodical_publisher_period
book.periodical_subject
book.poem
book.poem_character
book.poetic_meter
book.poetic_verse_form
book.publication
book.publisher_imprint_tenure
book.publishing_company
book.report_issuing_institution
book.review
book.reviewed_work
book.scholarly_financial_support
book.scholarly_work
book.school_or_movement
book.serial_installment
book.series_editor
book.short_non_fiction
book.short_non_fiction_variety
book.short_story
book.technical_report
book.translated_work
book.translation
book.translator
book.written_work
boxing.boxing_decision
boxing.boxing_match
boxing.boxing_title
boxing.match_boxer_relationship
broadcast.advisory
broadcast.artist
broadcast.broadcast
broadcast.cable_satellite_availability
broadcast.callsign_duration
broadcast.content
broadcast.distributor
broadcast.genre
broadcast.internet_stream
broadcast.podcast_feed
broadcast.producer
broadcast.radio_affiliation_duration
broadcast.radio_format
broadcast.radio_station
broadcast.radio_station_owner
broadcast.tv_affiliation_duration
broadcast.tv_channel
broadcast.tv_station
broadcast.tv_station_owner
business.acquisition
business.advertising_slogan
business.asset_ownership
business.board_member
business.brand
business.brand_colors
business.brand_slogan
business.business_location
business.business_operation
business.company_advisor
business.company_brand_relationship
business.company_name_change
business.company_product_line_relationship
business.company_product_relationship
business.company_type
business.competitive_space
business.competitive_space_mediator
business.consumer_company
business.consumer_product
business.currency_sub_unit
business.customer
business.employment_tenure
business.endorsed_product
business.holding
business.industry
business.issue
business.issue_type
business.issuer
business.market_size
business.open_times
business.product_category
business.product_endorsement
business.product_endorser
business.product_line
business.product_theme
business.shopping_center
business.shopping_center_owner
business.stock_ticker_symbol
business.trade_union
celebrities.celebrity
celebrities.friendship
celebrities.legal_entanglement
celebrities.rehab
celebrities.rehab_facility
celebrities.rivalry
celebrities.romantic_relationship
celebrities.sexual_orientation_phase
celebrities.substance_abuse_problem
celebrities.supercouple
chemistry.chemical_element
chess.chess_player
comic_books.comic_book_character
comic_books.comic_book_colorist
comic_books.comic_book_creator
comic_books.comic_book_editor
comic_books.comic_book_fictional_universe
comic_books.comic_book_genre
comic_books.comic_book_inker
comic_books.comic_book_issue
comic_books.comic_book_letterer
comic_books.comic_book_penciler
comic_books.comic_book_publisher
comic_books.comic_book_series
comic_books.comic_book_story
comic_books.comic_book_story_arc
comic_books.comic_book_writer
comic_books.comic_story_printing
comic_strips.comic_strip
comic_strips.comic_strip_character
comic_strips.comic_strip_creator_duration
comic_strips.comic_strip_genre
comic_strips.comic_strip_syndicate_duration
common.image
common.phone_number
common.topic
common.webpage
computer.computer
computer.computer_designer
computer.computer_emulator
computer.computer_manufacturer_brand
computer.computer_peripheral
computer.computer_peripheral_class
computer.computer_processor
computer.computer_scientist
computer.computing_platform
computer.file_format
computer.file_format_genre
computer.html_layout_engine
computer.internet_protocol
computer.operating_system
computer.operating_system_developer
computer.os_compatibility
computer.processor_manufacturer
computer.programming_language
computer.programming_language_designer
computer.programming_language_developer
computer.programming_language_paradigm
computer.protocol_provider
computer.software
computer.software_compatibility
computer.software_developer
computer.software_genre
computer.software_license
computer.web_browser
computer.web_browser_extension
conferences.conference
conferences.conference_proceedings
conferences.conference_series
conferences.conference_sponsor
conferences.conference_subject
conferences.conference_venue
conferences.type_of_conference
cricket.cricket_administrative_body
cricket.cricket_bowler
cricket.cricket_bowler_stats
cricket.cricket_bowling_pace
cricket.cricket_bowling_technique
cricket.cricket_coach
cricket.cricket_coach_tenure
cricket.cricket_match
cricket.cricket_match_type
cricket.cricket_player
cricket.cricket_roster_batting
cricket.cricket_roster_bowling
cricket.cricket_series
cricket.cricket_team
cricket.cricket_team_stats
cricket.cricket_tournament_event
cricket.cricket_umpire
cricket.cricket_umpire_panel_membership
cvg.computer_game_compilation
cvg.computer_game_content_descriptor
cvg.computer_game_distribution_system
cvg.computer_game_engine
cvg.computer_game_engine_developer
cvg.computer_game_engine_family
cvg.computer_game_evaluation
cvg.computer_game_expansion
cvg.computer_game_mod
cvg.computer_game_rating
cvg.computer_game_rating_system
cvg.computer_game_region
cvg.computer_game_subject
cvg.computer_videogame
cvg.cvg_designer
cvg.cvg_developer
cvg.cvg_genre
cvg.cvg_platform
cvg.cvg_platform_family
cvg.cvg_publisher
cvg.game_character
cvg.game_performance
cvg.game_series
cvg.game_version
cvg.gameplay_mode
cvg.input_method
cvg.musical_game
cvg.musical_game_song
cvg.musical_game_song_relationship
cvg.video_game_soundtrack
dataworld.data_tool
dataworld.incompatible_types
digicams.camera_color_filter_array_type
digicams.camera_compressed_format
digicams.camera_digital_zoom_capability
digicams.camera_dimensions
digicams.camera_format
digicams.camera_image_ratio
digicams.camera_image_stabilization
digicams.camera_iso
digicams.camera_resolution
digicams.camera_sensor_manufacturer
digicams.camera_sensor_size
digicams.camera_sensor_type
digicams.camera_storage_type
digicams.camera_uncompressed_format
digicams.camera_viewfinder_type
digicams.digital_camera
digicams.digital_camera_manufacturer
digicams.image_stabilization_type
dining.chef
dining.cuisine
dining.restaurant
dining.restaurant_chef_association
distilled_spirits.blended_spirit
distilled_spirits.blended_spirit_style
distilled_spirits.distilled_spirit
distilled_spirits.distilled_spirit_type
distilled_spirits.distillery
distilled_spirits.fermentation_base
distilled_spirits.infused_spirit
distilled_spirits.spirit_aging
distilled_spirits.spirit_blender
distilled_spirits.spirit_bottler
education.academic
education.academic_post
education.acceptance_rate
education.athletics_brand
education.department
education.dissertation
education.education
education.educational_degree
education.educational_institution
education.educational_institution_campus
education.field_of_study
education.fraternity_sorority
education.fraternity_sorority_type
education.gender_enrollment
education.grade_level
education.honorary_degree
education.school
education.school_category
education.school_district
education.school_magazine
education.school_mascot
education.school_newspaper
education.student_organization
education.student_radio_station
education.student_teacher_ratio
education.university
engineering.battery
engineering.battery_cell_type
engineering.battery_size_cell_variation
engineering.channel_access_method
engineering.engine
engineering.engine_category
engineering.engine_cooling_method
engineering.engine_designer
engineering.engine_energy_source
engineering.fuel_delivery_method
engineering.material
engineering.material_composition
engineering.piston_configuration
engineering.piston_engine
engineering.power_plug_standard
engineering.reaction_engine
engineering.valvetrain_configuration
event.disaster
event.disaster_survivor
event.presented_work
exhibitions.exhibit
exhibitions.exhibition
exhibitions.exhibition_curator
exhibitions.exhibition_producer
exhibitions.exhibition_run
exhibitions.exhibition_subject
exhibitions.type_of_exhibition
fashion.clothing_size
fictional_universe.character_gender
fictional_universe.character_occupation
fictional_universe.character_powers
fictional_universe.character_rank
fictional_universe.character_species
fictional_universe.ethnicity_in_fiction
fictional_universe.event_in_fiction
fictional_universe.fictional_calendar_system
fictional_universe.fictional_character
fictional_universe.fictional_character_creator
fictional_universe.fictional_creature
fictional_universe.fictional_date_time
fictional_universe.fictional_employment_tenure
fictional_universe.fictional_language
fictional_universe.fictional_object
fictional_universe.fictional_object_destroyer
fictional_universe.fictional_object_destruction_method
fictional_universe.fictional_organization
fictional_universe.fictional_organization_founder
fictional_universe.fictional_organization_type
fictional_universe.fictional_plant
fictional_universe.fictional_setting
fictional_universe.fictional_substance
fictional_universe.fictional_universe
fictional_universe.fictional_universe_creator
fictional_universe.medical_condition_in_fiction
fictional_universe.person_in_fiction
fictional_universe.school_in_fiction
fictional_universe.type_of_fictional_setting
fictional_universe.work_of_fiction
film.actor
film.cinematographer
film.content_rating
film.director
film.dubbing_performance
film.editor
film.film
film.film_art_director
film.film_casting_director
film.film_character
film.film_costumer_designer
film.film_featured_song
film.film_festival_event
film.film_film_company_relationship
film.film_format
film.film_genre
film.film_location
film.film_regional_release_date
film.film_song
film.film_song_relationship
film.film_story_contributor
film.film_subject
film.music_contributor
film.performance
film.personal_film_appearance
film.producer
film.production_company
finance.currency
finance.exchange_rate
food.beer
food.beer_containment
food.beer_country_region
food.beer_production
food.beer_style
food.beer_style_category
food.bottled_water
food.brewery_brand_of_beer
food.cheese
food.cheese_certification
food.cheese_milk_source
food.cheese_texture
food.culinary_technique
food.culinary_tool
food.diet
food.diet_follower
food.dietary_restriction
food.dish
food.drinking_establishment
food.drinking_establishment_type
food.food
food.ingredient
food.licensee_tenure
food.recipe
food.recipe_author
food.recipe_collection
food.recipe_ingredient
food.type_of_dish
food.wine_style
freebase.apps.acre_handler
freebase.apps.config_node
freebase.apps.hosts.com.appspot.acre.topics.company
freebase.apps.hosts.com.appspot.acre.topics.details2
freebase.apps.hosts.com.appspot.acre.topics.fictional_character
freebase.apps.hosts.com.appspot.acre.topics.location
freebase.apps.hosts.com.appspot.acre.topics.person2
freebase.apps.hosts.com.appspot.acre.topics.quotations
freebase.data_mob_project
freebase.domain_profile
freebase.freebase_homepage
freebase.list
freebase.list_category
freebase.metaweb_api_service
freebase.metaweb_application
freebase.opinion_collection
freebase.query_hints
freebase.soft_namespace
freebase.type_hints
freebase.type_profile
freebase.unit_profile
freebase.user_profile
freebase.vendor_configuration
geography.body_of_water
geography.geographical_feature
geography.geographical_feature_category
geography.glacier
geography.glacier_status
geography.glacier_terminus
geography.glacier_type
geography.island
geography.island_group
geography.lake
geography.mountain
geography.mountain_age
geography.mountain_listing
geography.mountain_pass
geography.mountain_range
geography.mountain_type
geography.mountaineer
geography.river
geology.geological_formation
geology.rock_type
government.election
government.election_campaign
government.election_poll
government.election_poll_score
government.election_with_polls
government.electoral_college_elected_office
government.form_of_government
government.general_election
government.government
government.government_agency
government.government_issued_permit
government.government_office_category
government.government_office_or_title
government.government_position_held
government.government_service
government.government_service_channel
government.government_service_type
government.governmental_body
government.governmental_jurisdiction
government.legislative_committee
government.legislative_committee_membership
government.legislative_election_results
government.legislative_session
government.parliamentary_election
government.political_appointer
government.political_district
government.political_ideology
government.political_party
government.political_party_tenure
government.politician
government.poll_respondent_category
government.polled_entity
government.polling_authority
government.primary_election
government.u_s_congressperson
government.us_president
government.us_presidential_campaign
government.us_vice_president
ice_hockey.hockey_coach
ice_hockey.hockey_conference
ice_hockey.hockey_division
ice_hockey.hockey_player
ice_hockey.hockey_position
ice_hockey.hockey_team
interests.collectable_item
interests.collection
interests.collection_activity
interests.collection_category
interests.interest
internet.api
internet.blog
internet.protocol
internet.top_level_domain
internet.top_level_domain_registry
internet.top_level_domain_sponsor
internet.top_level_domain_status
internet.top_level_domain_type
internet.website
internet.website_category
internet.website_owner
internet.website_ownership
internet.website_status
language.conlang
language.conlang_purpose
language.human_language
language.language_creator
language.language_dialect
language.language_family
language.language_regulator
language.language_writing_system
language.language_writing_type
law.constitution
law.constitutional_amendment
law.constitutional_amendment_proposer
law.court
law.court_courthouse_relationship
law.court_jurisdiction_area
law.international_patent_category
law.invention
law.inventor
law.judge
law.judicial_tenure
law.legal_case
law.legal_case_party_relationship
law.legal_subject
law.patent_assignee
law.patent_office
law.us_patent
law.us_patent_category
law.us_patent_type
library.public_library
library.public_library_system
location.administrative_division
location.australian_state
location.br_state
location.capital_of_administrative_division
location.citytown
location.cn_autonomous_county
location.cn_autonomous_prefecture
location.country
location.de_city
location.es_autonomous_city
location.es_comarca
location.geocode
location.id_province
location.id_regency
location.imports_and_exports
location.imports_exports_by_industry
location.location
location.location_symbol_relationship
location.mailing_address
location.mx_municipality
location.mx_state
location.my_state
location.nl_province
location.postal_code
location.region
location.religion_percentage
location.ru_krai
location.ru_republic
location.tw_province
location.uk_district
location.uk_non_metropolitan_district
location.uk_principal_area
location.uk_region
location.us_county
location.us_state
martial_arts.martial_art
martial_arts.martial_art_category
martial_arts.martial_artist
martial_arts.martial_arts_certification
martial_arts.martial_arts_organization
measurement_unit.absorbed_dose_rate_unit
measurement_unit.absorbed_dose_unit
measurement_unit.acceleration_unit
measurement_unit.adjusted_money_value
measurement_unit.amount_concentration_unit
measurement_unit.angle_unit
measurement_unit.angular_acceleration_unit
measurement_unit.angular_velocity_unit
measurement_unit.area_unit
measurement_unit.capacitance_unit
measurement_unit.catalytic_activity_unit
measurement_unit.catalytic_concentration_unit
measurement_unit.charge_unit
measurement_unit.conductance_unit
measurement_unit.current_density_unit
measurement_unit.current_unit
measurement_unit.dated_integer
measurement_unit.dated_money_value
measurement_unit.dimension
measurement_unit.distance_unit
measurement_unit.dose_equivalence_unit
measurement_unit.electric_charge_density_unit
measurement_unit.electric_field_strength_unit
measurement_unit.electric_flux_density_unit
measurement_unit.energy_density_unit
measurement_unit.energy_unit
measurement_unit.exposure_unit
measurement_unit.floating_point_range
measurement_unit.force_moment_unit
measurement_unit.fuel_economy_unit
measurement_unit.heat_capacity_unit
measurement_unit.illuminance_unit
measurement_unit.inductance_unit
measurement_unit.integer_range
measurement_unit.inverse_temperature_unit
measurement_unit.irradiance_unit
measurement_unit.luminance_unit
measurement_unit.luminous_flux_unit
measurement_unit.luminous_intensity_unit
measurement_unit.magnetic_field_strength_unit
measurement_unit.magnetic_flux_density_unit
measurement_unit.magnetic_flux_unit
measurement_unit.mass_unit
measurement_unit.measurement_system
measurement_unit.measuring_instrument
measurement_unit.molar_energy_unit
measurement_unit.molar_heat_capacity_unit
measurement_unit.molar_volume_unit
measurement_unit.monetary_range
measurement_unit.money_value
measurement_unit.permeability_unit
measurement_unit.permittivity_unit
measurement_unit.potential_unit
measurement_unit.power_unit
measurement_unit.pressure_unit
measurement_unit.radiance_unit
measurement_unit.radiant_intensity_unit
measurement_unit.radioactivity_unit
measurement_unit.recurring_money_value
measurement_unit.resistance_unit
measurement_unit.solid_angle_unit
measurement_unit.specific_energy_unit
measurement_unit.specific_heat_capacity_unit
measurement_unit.specific_volume_unit
measurement_unit.speed_unit
measurement_unit.substance_unit
measurement_unit.surface_tension_unit
measurement_unit.temperature_unit
measurement_unit.thermal_conductivity_unit
measurement_unit.time_interval
measurement_unit.time_unit
measurement_unit.unit_of_brake_specific_fuel_consumption
measurement_unit.unit_of_cargo_capacity
measurement_unit.unit_of_conductivity
measurement_unit.unit_of_data_transmission_rate
measurement_unit.unit_of_density
measurement_unit.unit_of_force
measurement_unit.unit_of_frequency
measurement_unit.unit_of_molar_mass
measurement_unit.unit_of_resistivity
measurement_unit.unit_of_specific_fuel_consumption
measurement_unit.unit_of_surface_density
measurement_unit.unit_of_symbol_rate
measurement_unit.unit_of_volumetric_flow_rate
measurement_unit.viscosity_unit
measurement_unit.volume_unit
measurement_unit.volumetric_heat_capacity_unit
measurement_unit.wavenumber_unit
media_common.adaptation
media_common.adapted_work
media_common.cause_of_loss
media_common.literary_genre
media_common.lost_work
media_common.media_genre
media_common.media_genre_equivalent_topic
media_common.quotation
media_common.quotation_addressee
media_common.quotation_source
media_common.quotation_subject
medicine.cancer_center
medicine.cancer_center_constituent
medicine.compound_drug
medicine.condition_prevention_factors
medicine.contraindication
medicine.diagnostic_test_signs
medicine.disease
medicine.disease_cause
medicine.disease_stage
medicine.drug
medicine.drug_administration_route
medicine.drug_brand
medicine.drug_class
medicine.drug_dosage_flavor
medicine.drug_dosage_form
medicine.drug_form_shape
medicine.drug_formulation
medicine.drug_formulation_category
medicine.drug_ingredient
medicine.drug_legal_status
medicine.drug_manufacturer
medicine.drug_mechanism_of_action
medicine.drug_physiologic_effect
medicine.drug_pregnancy_category
medicine.drug_strength
medicine.fda_otc_monograph_part
medicine.hospital
medicine.hospital_ownership
medicine.icd_9_cm_classification
medicine.infectious_disease
medicine.manufactured_drug_form
medicine.medical_specialty
medicine.medical_treatment
medicine.medical_trial
medicine.medical_trial_design
medicine.medical_trial_health_authority
medicine.medical_trial_phase
medicine.medical_trial_sponsor
medicine.medical_trial_type
medicine.notable_person_with_medical_condition
medicine.physician
medicine.risk_factor
medicine.routed_drug
medicine.survival_rate
medicine.symptom
medicine.transmission_route
medicine.type_of_infectious_agent
medicine.vector_of_disease
meteorology.beaufort_wind_force
meteorology.cloud
meteorology.cyclone_affected_area
meteorology.forecast_zone
meteorology.meteorological_service
meteorology.tropical_cyclone
meteorology.tropical_cyclone_category
meteorology.tropical_cyclone_season
metropolitan_transit.transit_system
military.armed_force
military.casualties
military.force_strength
military.military_combatant
military.military_combatant_group
military.military_command
military.military_conflict
military.military_person
military.military_post_use
military.military_resource
military.military_service
military.military_unit
military.military_unit_place_of_origin
military.military_unit_size
military.rank
military.war
music.album
music.album_content_type
music.album_release_type
music.arrangement
music.artist
music.bassist
music.composer
music.composition
music.compositional_form
music.concert
music.concert_film
music.concert_performance
music.concert_set_list
music.concert_tour
music.conducted_ensemble
music.conducting_tenure
music.conductor
music.engineer
music.featured_artist
music.genre
music.group_member
music.group_membership
music.guitar
music.guitarist
music.instrument
music.live_album
music.lyricist
music.media_format
music.multipart_release
music.music_video
music.music_video_character
music.music_video_choreographer
music.music_video_director
music.music_video_genre
music.music_video_gig
music.music_video_performance
music.music_video_performer
music.music_video_subject
music.musical_group
music.musical_instrument_company
music.musical_scale
music.musical_tribute_act
music.musician_profession
music.opera_singer
music.orchestra
music.performance_venue
music.producer
music.record_label
music.recording
music.recording_contribution
music.release
music.release_component
music.release_track
music.single
music.songwriter
music.soundtrack
music.tour_manager
music.track_contribution
music.voice
olympics.demonstration_event_athlete_relationship
olympics.olympic_athlete
olympics.olympic_athlete_affiliation
olympics.olympic_city_bid
olympics.olympic_demonstration_competition
olympics.olympic_demonstration_medal_honor
olympics.olympic_event
olympics.olympic_event_competition
olympics.olympic_games
olympics.olympic_host_city
olympics.olympic_mascot
olympics.olympic_medal_demonstration
olympics.olympic_medal_honor
olympics.olympic_participating_country
olympics.olympic_sport
olympics.olympic_torch_relay
olympics.olympic_venue
opera.librettist
opera.opera
opera.opera_character
opera.opera_character_voice
opera.opera_company
opera.opera_designer_gig
opera.opera_designer_role
opera.opera_director
opera.opera_genre
opera.opera_house
opera.opera_producer
opera.opera_production
opera.opera_production_staff_gig
opera.opera_production_venue_relationship
opera.opera_recording
opera.opera_role
organization.club
organization.club_interest
organization.email_contact
organization.leadership
organization.non_profit_organization
organization.non_profit_registration
organization.organization
organization.organization_board_membership
organization.organization_committee
organization.organization_committee_membership
organization.organization_founder
organization.organization_merger
organization.organization_partnership
organization.organization_relationship
organization.organization_scope
organization.organization_sector
organization.organization_spin_off
organization.organization_type
people.cause_of_death
people.chinese_ethnic_group
people.deceased_person
people.ethnicity
people.family
people.family_name
people.gender
people.group_membership
people.human_measurement
people.measured_person
people.person
people.place_of_interment
people.profession
people.professional_field
periodicals.newspaper_circulation_area
physics.hadron
physics.particle
physics.particle_family
physics.quark
physics.subatomic_particle_composition
projects.project
projects.project_focus
projects.project_participation
protected_sites.natural_or_cultural_preservation_agency
protected_sites.natural_or_cultural_site_designation
protected_sites.natural_or_cultural_site_listing
protected_sites.park_system
protected_sites.protected_site
protected_sites.site_listing_category
radio.radio_episode_segment
radio.radio_program
radio.radio_program_episode
radio.radio_subject
rail.electric_locomotive_class
rail.electric_system
rail.locomotive
rail.locomotive_builder
rail.locomotive_class
rail.locomotive_class_operator_relationship
rail.locomotive_owner
rail.locomotive_ownership
rail.rail_gauge
rail.rail_network
rail.railway
rail.railway_gauge_relationship
rail.railway_operator_relationship
rail.railway_terminus
rail.railway_type_relationship
rail.rolling_stock_tenure
rail.steam_locomotive_class
rail.steam_locomotive_fuel_type
rail.steam_locomotive_wheel_configuration
religion.adherents
religion.belief
religion.deity
religion.founding_figure
religion.monastery
religion.place_of_worship
religion.place_of_worship_historical_use
religion.religion
religion.religious_leadership_jurisdiction
religion.religious_leadership_role
religion.religious_leadership_title
religion.religious_order
religion.religious_organization
religion.religious_organization_leadership
religion.religious_practice
religion.religious_text
religion.type_of_place_of_worship
royalty.chivalric_office
royalty.chivalric_order_founder
royalty.chivalric_order_membership
royalty.chivalric_order_position_tenure
royalty.chivalric_order_relationship
royalty.chivalric_rank
royalty.chivalric_rank_precedence
royalty.chivalric_title
royalty.kingdom
royalty.monarch
royalty.noble_person
royalty.noble_rank
royalty.noble_rank_gender_equivalence
royalty.noble_title
royalty.noble_title_tenure
royalty.order_of_chivalry
royalty.order_of_chivalry_category
royalty.precedence
royalty.royal_line
royalty.system_of_nobility
royalty.system_order_relationship
royalty.system_rank_relationship
skiing.lift_tenure
skiing.run_rating
skiing.run_rating_symbol
skiing.ski_area
skiing.ski_lift
skiing.ski_lodge
skiing.ski_run
soccer.fifa
soccer.football_goal
soccer.football_league
soccer.football_league_participation
soccer.football_league_season
soccer.football_league_system
soccer.football_match
soccer.football_player
soccer.football_player_loan
soccer.football_player_match_participation
soccer.football_player_stats
soccer.football_player_transfer
soccer.football_position
soccer.football_team
soccer.football_team_management_tenure
soccer.football_team_manager_match_participation
spaceflight.astronaut
spaceflight.bipropellant_rocket_engine
spaceflight.rocket
spaceflight.rocket_engine
spaceflight.rocket_engine_cycle
spaceflight.rocket_engine_designer
spaceflight.rocket_engine_fuel
spaceflight.rocket_engine_manufacturer
spaceflight.rocket_engine_oxidizer
spaceflight.rocket_engine_status
spaceflight.rocket_fuel
spaceflight.rocket_function
spaceflight.rocket_launch_site
spaceflight.rocket_manufacturer
spaceflight.rocket_stage
spaceflight.rocket_status
spaceflight.satellite
spaceflight.satellite_manufacturer
spaceflight.satellite_orbit_synchronous
spaceflight.satellite_orbit_type
spaceflight.satellite_type
spaceflight.space_agency
spaceflight.space_mission
spaceflight.space_program
spaceflight.space_program_sponsor
spaceflight.spacecraft
sports.boxer
sports.boxing_stance
sports.boxing_weight_division
sports.coaching_position
sports.competitor_competition_relationship
sports.competitor_country_relationship
sports.cyclist
sports.defunct_sports_team
sports.drafted_athlete
sports.fight_song
sports.golf_club_access
sports.golf_course
sports.golf_facility
sports.handedness
sports.mascot
sports.multi_event_tournament
sports.pro_sports_played
sports.professional_sports_team
sports.school_sports_team
sports.sport
sports.sport_country
sports.sport_medal
sports.sports_award
sports.sports_award_type
sports.sports_award_winner
sports.sports_championship
sports.sports_championship_event
sports.sports_equipment
sports.sports_facility
sports.sports_gender
sports.sports_league
sports.sports_league_draft
sports.sports_league_draft_pick
sports.sports_league_participation
sports.sports_league_season
sports.sports_official
sports.sports_official_tenure
sports.sports_position
sports.sports_team
sports.sports_team_captain
sports.sports_team_captain_tenure
sports.sports_team_coach
sports.sports_team_coach_tenure
sports.sports_team_location
sports.sports_team_owner
sports.sports_team_roster
sports.sports_team_season_record
sports.team_venue_relationship
sports.tournament_event
sports.tournament_event_competition
sports.tournament_event_competitor
symbols.armorial_grant
symbols.coat_of_arms
symbols.heraldic_brisure
symbols.heraldic_charge_color
symbols.heraldic_compartment
symbols.heraldic_coronet
symbols.heraldic_crest
symbols.heraldic_helm
symbols.heraldic_mantling
symbols.heraldic_ordinaire_color
symbols.heraldic_supporter
symbols.heraldic_torse
symbols.heraldic_variation_of_the_field_color
symbols.name_source
symbols.namesake
tennis.tennis_grip_style
tennis.tennis_match
tennis.tennis_match_type
tennis.tennis_player
tennis.tennis_tournament
tennis.tennis_tournament_champion
tennis.tennis_tournament_championship
theater.musical_director
theater.musical_soundtrack
theater.play
theater.theater
theater.theater_actor
theater.theater_character
theater.theater_choreographer
theater.theater_company
theater.theater_designer_gig
theater.theater_director
theater.theater_genre
theater.theater_producer
theater.theater_production
theater.theater_production_staff_gig
theater.theater_production_venue_relationship
theater.theater_role
theater.theatrical_composer
theater.theatrical_lyricist
theater.theatrical_orchestrator
time.calendar
time.day_of_week
time.day_of_year
time.defunct_time_zone
time.event
time.geologic_time_period
time.geologic_time_period_uncertainty
time.holiday
time.holiday_category
time.holiday_period
time.month
time.recurring_event
time.time_zone
transportation.bridge
transportation.bridge_type
transportation.highway_system
transportation.road
travel.accommodation
travel.accommodation_feature
travel.accommodation_price_range
travel.accommodation_type
travel.guidebook
travel.guidebook_series
travel.hotel
travel.hotel_brand
travel.hotel_brand_owner
travel.hotel_grade
travel.hotel_grading_authority
travel.hotel_guest_visit
travel.hotel_operator
travel.tour_operator
travel.tourist_attraction
travel.transport_operator
travel.transport_terminus
travel.transportation
travel.transportation_mode
travel.travel_destination
travel.travel_destination_monthly_climate
tv.multipart_tv_episode
tv.non_character_role
tv.regular_tv_appearance
tv.sequence_of_tv_episode_segments
tv.the_colbert_report_episode
tv.tv_actor
tv.tv_character
tv.tv_crew_gig
tv.tv_crew_role
tv.tv_crewmember
tv.tv_director
tv.tv_episode_segment
tv.tv_episode_song_relationship
tv.tv_genre
tv.tv_guest_personal_appearance
tv.tv_guest_role
tv.tv_location
tv.tv_network_duration
tv.tv_personality
tv.tv_producer
tv.tv_producer_episode_credit
tv.tv_producer_term
tv.tv_program
tv.tv_program_creator
tv.tv_program_writer_relationship
tv.tv_rating
tv.tv_regular_personal_appearance
tv.tv_segment_guest_appearance
tv.tv_segment_performance
tv.tv_segment_personal_appearance
tv.tv_segment_song_relationship
tv.tv_series_episode
tv.tv_series_season
tv.tv_song
tv.tv_soundtrack
tv.tv_subject
tv.tv_theme_song
tv.tv_writer
tv.video_host
type.boolean
type.content
type.datetime
type.domain
type.enumeration
type.float
type.int
type.media_type
type.object
type.property
type.rawstring
type.text
type.type
type.uri
user.alexander.misc.dated_name
user.jonathanwlowe.location.city_limits
user.patrick.default_domain.warship_crew_tenure
user.patrick.default_domain.warship_v1_1
venture_capital.venture_investment
visual_art.art_owner
visual_art.art_period_movement
visual_art.art_series
visual_art.art_subject
visual_art.artwork
visual_art.artwork_owner_relationship
visual_art.color
visual_art.visual_art_form
visual_art.visual_art_genre
visual_art.visual_art_medium
visual_art.visual_art_support
visual_art.visual_artist
wine.appellation
wine.fruit_source
wine.grape_variety
wine.grape_variety_composition
wine.vineyard
wine.wine
wine.wine_color
wine.wine_producer
wine.wine_region
wine.wine_sub_region
wine.wine_type
zoos.animal_captivity
zoos.zoo
zoos.zoo_animal
zoos.zoo_category
zoos.zoo_exhibit
